queries	명확도	Emojiness	긍정/부정 척도
응 나도 너 사랑해	1	1	7
내 안에 너 있다	1	1	6
사랑은 무슨	1	1	2
안 사랑해	1	1	1
어떻게 그런 말을 할 수가 있어	1	0	2
내가 널 사랑하지 않을리가 없잖아	1	1	5
쪽쪽	1	1	6
내 마음을 받아랏	1	1	6
쪽쪽은 무슨	1	0	2
안녕	1	1	4
그래요 그래요	1	1	4
에에엥	1	1	3
어이 없네	1	1	3
응 이제부터 스킨쉽 금지	1	1	3
어이 뭐해요	1	0	4
기분 좋겠당	1	1	6
그럼 잘 본거네	1	1	5
에구 고생 많았어요	1	1	5
항상 고마워요	1	1	6
응 나한테 기대요	1	1	5
고맙다고 말만 하면 다야?	1	1	2
완전 행복하다	1	1	7
맛있는거 먹으러 가장	1	1	5
행복이란 뭘까?	1	1	4
부끄러웡	0	1	#N/A
아냐 나 야한거 못 보는데	0	1	#N/A
그건 부끄러운게 아니에요	1	1	4
오키오키 완전 콜	1	1	5
웅웅 열심히 퇴근하는 중	1	1	5
열심히 출근하는 중	1	1	3
아 진짜 넘 웃겨	1	1	6
응 당연하지 약속같은건 없다	1	1	4
아 진짜 하나도 안 웃겨	1	1	3
난 목욕 끝	1	1	5
누나랑 키스하고 싶다	1	1	6
씻기 귀찮다	1	1	3
영화 너무 감동적이었어	1	1	5
우어 나도 라이브로 듣고싶다	1	1	5
영화 별로 감동적이지 않던데	1	1	3
꺄아 너무 좋아 신나!	1	1	7
오늘 월급날이다 후후후	1	1	6
신나긴 온통 시끄럽기만 하더만	1	1	2
실망해버림	1	1	2
택배 와서 입어봤는데 내가 생각한 그 핏이 아니네	1	0	3
실망하지 않았어요	1	1	4
서운해	1	1	2
너랑은 많이도 아니어도 밥 한번이라도 같이 먹고 싶었는데	0	1	#N/A
슬플리가 없잖아	1	1	4
힘들었어 엉엉	1	1	1
배 나왔다고 자꾸 놀려	1	1	3
끝났다 후우 힘들었어	1	1	3
와 개 신기하네	1	1	4
아 여름할인 시작했어?	1	1	5
그게 뭐가 신기해?	1	1	3
헉 진짜야? 말도 안돼	1	1	3
세상에 방학 내내 수업 하는거야?	1	1	3
뭐가 헉이야 ㅋㅋ 당연한거지	1	1	4
헉 무서워	1	1	2
과제 내일까지 아니었어?	1	1	2
무서워하지 마	1	1	4
흠 별로 맘에 안드는데	1	1	3
또 또 그런 말투	1	1	3
흠 별로 내 마음의 별로	1	1	5
짜증나	1	1	2
왜 자꾸 네 시험문제를 나한테 물어보는거야	1	1	2
짜증 안낼게요	0	1	#N/A
됐거든	1	1	2
날 웃음거리로 만들면 좋아요?	1	0	2
엥 삐진거 아니에요	1	0	4
우쒸	1	0	1
그런 말 좀 하지마	1	0	2
우쒸 할 때가 아니야	0	0	#N/A
기쁜데 뭔가 애매하네요	1	1	3
어머님이 밥 많이 주시는데 안 먹고 나올수가 없었어요	1	1	3
뭔가 기쁘네요	1	1	5
힝 그럼 어쩔수 없죠	1	1	2
배터리 지금 1퍼밖에 안남았어 미안	1	1	3
어쩔수 없는건 아니죠 좋아요	0	1	#N/A
감기 조심	0	1	#N/A
그래서 조퇴해서 죽이나 먹고 자려고	1	1	3
감기 다 나았다	1	1	5
가망이 없어	1	1	2
혼자 먹냐 나도 배고파 배고파	1	1	3
가망이 있어	0	1	#N/A
설명만 들어도 끔찍하네	1	1	2
그냥 좋은분이라 생각했는데 알면 알수록 뭔가	1	1	3
뭔가 재밌네 끔찍하긴 하지만	0	1	#N/A
급 피곤하다	1	1	2
전 이제 끝났어요 갈길이 너무 머네요	1	1	2
어젠 피곤했는데 오늘은 괜찮아	1	1	4
헤롱헤롱	0	1	#N/A
오늘 너무 많이 마신거같아 친구들이랑 오랜만에 만나서	0	1	#N/A
오늘 술 마시긴 했는데 안 취했어	1	1	4
빤짝빤짝	1	1	6
청소 깨끗하게 했어 기분 좋다	1	1	6
반짝반짝한 집이 언젠지 기억도 나지 않아	1	1	2
음 고민되는군	1	1	4
이중 적분을 하라구요? 그건 뭐죠	1	1	3
음 고민할게 뭐 있나 그냥 해	1	1	4
야근을 나 님이 싫어합니다	1	1	2
평소 시키던데 말고 다른데서 시켰는데 뭔가 오늘은 실패했네	1	1	3
싫다니요 전혀 그렇지 않아요	1	1	4
우와 짱이야	1	1	7
맛있었어 진짜 내가 먹어 본 스시중에 역대 1위	1	1	6
진짜 최고로 구림	1	1	1
오키도키	1	1	4
네 그럼 준비할게요	1	1	5
인정 못함	1	1	3
내일 못 만지게 할거야	1	0	2
응 굿밤	1	1	5
그럼 이따가 일어나서 봐용	1	1	5
응 굿모닝	1	1	5
만나면 앙 하고 깨물어줄거양	1	1	7
오늘은 기분이 너무 좋아	1	1	7
룰루랄라	1	1	6
올 추카추카	1	1	6
오늘 생일이시죠? 미역국은 드셨나요	1	1	5
막창 맛있다	1	1	5
술마시니까 기분좋다	1	1	6
친구한테 머그컵 받았는데 되게 이쁘다	1	1	6
내가 좀 멋있지	1	1	5
메롱	1	1	5
오늘 코트도 샀어	1	1	5
약오르지?	1	1	5
나의 후진주차 실력을 보여주지	1	1	5
김치볶음밥할 때 버터를 넣어주면 완전 맛있어	1	1	6
스테이크 먹을까 참치조림 먹을까?	1	1	5
응 난 연어랑 참치 초밥 좋아해	1	1	5
순대국밥에 다데기 이빠이 넣어 먹었어	1	1	5
걱정마 말 안할리가 없잖아	1	1	5
그 부탁 내가 들어주지	1	1	5
보고싶으니까 셀카 찍어 보내줘	1	1	5
업타운 펑크 노래 좋은듯	1	1	5
나 천재임	1	1	5
나는 늑대다	1	1	5
고량주 먹으러 가고싶다	1	1	5
나 이제 자야할 것 같아	1	1	4
나 소개팅 받아볼까?	1	1	4
저 반말해도 돼요?	1	1	4
나 부탁 하나만 해도 돼?	1	1	4
주말에 심심할때 뭐해?	1	1	4
아점 뭐 먹었어?	1	1	4
금요일인데 뭐하고 있니?	1	1	4
시간은 언제가 괜찮으세요?	1	1	4
이상적인 소맥의 비율은 몇대 몇일까	1	1	4
난 이제 다른 일을 하러 갈게	1	1	4
이번주 들어서 날씨가 많이 쌀쌀해졌어	1	1	3
친구가 결혼한대서 싱숭생숭해	1	1	3
아니라고?	1	1	3
룰루랄라 할 기분이 아냐	1	1	3
오늘따라 왜이리 졸리지?	1	1	3
아 요즘 왜이렇게 공부하기가 귀찮을까?	1	1	3
내가 멋있는 거랑은 좀 거리가 있지	1	1	3
나 화장실 가고싶어	1	1	3
아 사무실에 파리가 있어	1	1	3
냉장고에 아무것도 없어	1	1	3
아니라고	1	1	3
오늘 날씨가 엄청 춥다	1	1	3
일이라는 게 참 쉽지 않아	1	1	3
이란에서 지진이 되게 크게 났대	1	0	2
나 요즘 게임에 미친 거 같아 ㅠㅠ	1	1	2
뛰다가 넘어졌어 ㅠㅠ	1	1	2
헉 늦잠 자버렸다	1	1	2
콧물때문에 괴로워	1	1	2
왠지 모르게 우울한 하루다	1	1	2
아 매운거 먹었더니 배아파	1	1	2
눈이 막 감긴다 어떻게 하지	1	1	2
회식 가기 싫다	1	1	2
그래 우리 관계에 대해 다시 생각해보자	1	0	1
메롱하지마	1	1	2
나 약올리지 마	1	1	3
별로 이야기 하고 싶지 않아	1	0	2
아파 죽겠어, 자살하고싶어	1	0	1
노래해줘	1	1	5
엄마가 좋아 아빠가 좋아?	1	1	4
걸그룹은 트와이스지	1	1	4
넌 나에대해 어떻게 생각해?	0	1	
이쁜 분좀 소개해줘요	1	1	4
머리가 아픈데 어디로 가야할까?	1	1	2
하루만 더 쉬고 싶다	0	1	
너 볶음밥 엄청 좋아하는구나	1	1	5
하품 나온다	1	1	3
너 육포 먹어본 적 있어?	1	1	4
밖에 나왔는데 오늘 되게 춥다	1	1	3
미친듯이 외롭다	1	1	2
너 먹고싶은 거 말해봐	1	1	4
너 연예인 누구 좋아해?	0	1	
너 나한테 뭐 숨기는 거 있어?	0	1	
나 좀 취한 것 같아	0	1	
너가 나보다 똑똑한것 같아	0	1	
잘먹고 잘 살아라	0	1	
나랑 친하게 지내자	1	1	6
나 설레서 죽을 것 같애	1	1	6
넌 피씨방 자주 가?	1	1	4
앗싸 지하철에서 바로 앉았다	1	1	6
집에 혼자 있으니까 좀 무섭다	1	1	3
맥주 마시고 취하자	1	1	5
커피가 너무달아	1	1	3
추석 잘 보내고 있어?	1	1	5
누가 밥 차려줬음 좋겠다	0	1	
싸우자는 거야?	1	1	2
끝말잇기 고고?	1	1	4
취했으니까 내일 아침에 깨워줘	0	1	
하늘이 진짜 파랗다	0	1	
오늘 저녁은 짜파게티야	0	1	
나 오늘 진짜 웃긴 일 있었어	0	1	
오늘 날씨 정말 좋다	1	1	6
아 술 많이 마셨다	0	1	
별로 밥생각이 없어	1	1	3
음.. 오랜만에 곱창에 소맥할까요?	1	1	5
길가다가 깡패를 만났으면 어떻게 해야할까?	0	1	
나 목요일에 기말고사야	0	1	
날씨 좋다...놀러갈데 없을까?	1	1	5
아무리 생각해도 난 너무 잘생긴 것 같아	1	1	5
친구가 돈을 빌려갔는데 안갚아	1	1	3
할 일이 너무 많은데 졸려 어쩌지	1	1	2
어떻게 하면 담배를 끊을 수 있을까?	1	1	3
넌 인생이 뭐라고 생각해?	1	1	4
이번 주부터 중요한 일이 있어서 좀 부담돼	1	1	3
돈 많이 벌어서 나 맛있는 거 많이 사줘	1	1	5
저녁에 맥주나 한잔 해야겠어요	0	1	
주말엔 뭐 하는게 좋을까?	1	1	4
어떻게 하면 시간을 잘 보낼 수 있을까?	1	1	4
돈까스 나랑 먹으러가자 근처에 맛있는곳 있어	1	1	5
나 이번주에 소개팅해	0	1	
여기 골목이 너무 어두워	1	1	3
술 먹었는데 운전해도돼?	0	0	
월급 받으면 뭐살까?	1	1	5
간절히 바라면 온 우주가 도와줄 것입니다	1	1	4
사람들이 왜 그렇게 술을 좋아하는지 모르겠어	0	1	
조별과제 끝냈다	0	1	
인터넷이 오락가락한다	1	1	3
나는 이제 머리자르러 가	1	1	4
너는 응원하는 야구팀 있어?	1	1	4
전 이따 곱창에 소주마실 예정입니다	0	1	
난 주말에 뭐했게	0	1	
오늘 나랑 피방 갈사람 여기여기 붙어라	1	1	5
난 아이유가 좋아	1	1	5
돈좀 빌려줄래?	0	1	
나 고민 상담 해줄래?	0	1	
오늘 벌써 커피 세잔째다	1	1	3
나 다음달에 사이판간다	1	1	5
나는 어떤 사람 같아?	0	1	
난 외로운 솔로야	1	1	2
고백했는데 차였어	1	1	2
저녁을 아직 못 먹어서 배가 고파	1	1	3
지하철 타고 돌아가는 길이야	0	1	
우리 친구할까?	1	1	5
새로산 옷이 맘에 들어	1	1	5
비와서 버스 기다리다 비 다 맞음	1	1	3
너 키 몇인데?	1	1	4
나 좀있으면 발표한다	0	1	
오늘 점심 굶어라	0	1	
연말에 콘서트 갔으면 좋겠네요	1	1	5
감자탕이랑 순대국중에서 뭐 먹을래?	1	1	4
닭발 잘먹어?	1	1	4
갤럭시탭을 살까 말까	0	1	
할 일 끝내서 뿌듯하다	1	1	5
편의점 도시락 사왔어	0	1	
넌 무슨 계절이 제일 좋아?	0	1	
오늘은 밖에 안나가야지	0	1	
편의점에 두통약이 있나?	1	1	3
오늘 야구는 누가 이길까?	0	1	
소개팅에 뭐입고 갈까?	0	1	
타임머신 만들어줘	0	1	
양배추즙이 몸에 좋대	1	1	4
계속 날씨가 맑으면 좋겠다	1	1	5
난 아이스 아메리카노 좋아해	1	1	5
게임 딱 한시간만 하고 올게	0	1	
사는게 왜이렇게 힘드냐	1	1	2
가을전어 먹어봤어?	1	1	5
나 오늘 저녁에 술약속 있어	0	1	
오늘 날씨가 꾸리꾸리해	1	1	3
좋아하는 음식이 뭐야?	1	1	4
체력을 키워야겠어	0	1	
밀크티 좋아해?	0	1	
나랑 이야기 하기 싫어?	1	1	3
나 사기 당한거 같아	1	1	2
아이고 미치겠네	1	1	2
지금도 뒹굴고 있지만 더 격렬하게 뒹굴고싶다	1	1	4
내가 또 술먹으면 개다 개	1	1	3
여자친구가 전화를 안 끊어	0	1	
요즘 추워져서 아우터 사면 좋을거같아	1	1	4
엄마랑 잘 지내는건 어려워	1	1	3
너 잘 웃는 편이야?	1	1	4
손톱 너무 많이 길었다	0	1	
배부르네 빵먹었더니	0	1	
우울하지 않아?	0	1	
나 어제부터 목이 좀 아프네	1	1	3
너 나한테 정말 이러기야?	1	1	2
으잉 씻기 싫어	1	1	2
나 친구랑 싸웠어	1	1	2
짜증나게 하지마	1	1	2
무섭다	1	1	2
졸립다	1	1	3
망했어	1	1	3
힘들어	1	1	2
아쉽다	1	1	3
슬프다	1	1	2
고마워	1	1	5
웃기다	0	1	
내일 미용실이나 갈까?	0	1	
넌 책 읽는 거 좋아하나보네	0	1	
낮술할까?	1	1	5
내일까지 보고서 써야해	0	1	
귀찮아서 움직이기 싫다	1	1	3
꺄꺄 좀 그만해	1	1	2
나 진짜 바본가?	1	1	2
주말인데 약속이 없네	1	1	3
내 얘기 지루하지?	1	1	3
스타벅스 쿠폰 생겼다	1	1	5
으 너무 추워	1	1	3
너가 사람이었으면 좋겠다	0	1	
휴가 갔다왔더니 일이 많네	1	1	2
어제 필름 끊겼어	1	1	2
매운거 먹고싶다	0	1	
빨리 퇴근하고 싶다	0	1	
요새 고민이 많아	0	1	
내 투정 좀 들어주라	0	1	
또 떨어지면 어떡하지?	1	1	2
무슨 술 좋아해?	1	1	5
힐신어서 그런가 발이 아프네	1	1	3
오늘 영화 보러갈거다	1	1	5
입을 옷이 없네	1	1	3
오늘 택배온다	1	1	5
넌 무슨 색깔 좋아해?	0	1	
넌 해외여행 가봤어?	0	1	
내 여자친구 해주라	1	1	5
여름이 언제 끝나려나 너무 덥다	1	1	2
아 너무 많이 잤다	0	1	
이제 더위도 한풀 꺾였다	1	1	5
키크고 싶다	0	1	
너 나름 말 잘하네	0	1	
그럼 오늘 초밥 말고 돼지갈비 먹으러 가도 될까?	1	1	4
입대가 며칠 안남았다	1	1	3
나 적금들까?	1	1	4
여자친구가 연락이 안돼서 너무 걱정돼	1	1	1
나 오늘 차였어	1	1	2
아 오늘 진짜 너무 피곤했다	1	1	1
우리 얘기 좀 해	1	1	3
자기소개서 쓰기 너무 힘들다	1	1	2
휴가까지 3일 남았지롱	1	1	6
넌 토익 몇점이야?	0	1	
연휴가 끝나간다	1	1	3
너 좋아	1	1	6
나 오늘 술집에서 신분증 검사했어	1	1	5
너 나 싫어하지	1	1	2
나 좋아하는 사람 생겼어	0	1	
왜자꾸 이상한 말만 해	1	1	3
내가 재밌는 얘기 해줄까?	1	1	5
남친이랑 그만 좀 싸우고 싶다	1	1	2
점심 때 뭐 먹지?	0	1	
독일 가서 맥주 마시고 싶다	0	1	
지하철에서 회사사람 만났다	0	1	
헐 나 지갑 잃어버렸어	1	1	2
넌 종교가 뭐야?	1	1	4
이번 시험 진짜 잘봐야되는데	1	1	3
오늘 약속 취소됐어	0	1	
내가 너 사랑하는거 알지?	1	1	6
밖에 바람 진짜 많이 분다	1	0	4
겨울왕국 봤어?	1	1	4
수능 너무 걱정돼	1	1	1
저녁을 먹을까 말까?	1	1	4
배불러 죽을 것 같아	1	1	3
아주 징그럽게 고맙네요	1	1	3
나 충치 생겼대	1	1	3
공부하기 싫다	1	1	3
내가 뚱뚱한 편인가?	1	1	3
내년엔 꼭 퇴사하고 세계여행 갈거야	0	1	
넌 안 졸려?	1	1	4
아 예비군 또 가야해	1	1	3
행복은 무슨	1	1	3
귀뚜라미 소리 좋다	1	1	5
사고싶은게 너무 많아	0	1	
와 집에 에어컨 안나와	1	1	3
난 너랑 얘기하는 거 재밌어	1	1	6
할머니가 아프시대	1	0	2
뱃고동 소리도 울리지 마세요	0	1	
오늘 사무실에 아무도 없넹	0	1	
그냥 죽고싶다	1	1	1
나 되게 취했어	0	1	
말 좀 예쁘게 해라	1	1	2
라면이나 먹을까	1	1	4
이제 아침에 일찍 일어나야겠어	0	1	
한약 너무 쓰고 맛없어	1	1	3
너라도 있어서 진짜 다행이야	1	1	6
대충 라면으로 때워야겠어	0	1	
감자탕 좋아해?	1	1	4
넌 겨울 좋아해?	1	1	4
그냥 울고 싶다	1	1	1
화장하는거 너무 귀찮아	1	1	3
친구 부모님이 돌아가셨대	1	0	2
아 잠이 너무 안온다	1	1	3
이제 다신 이렇게 술 안 마실래	1	1	2
담배좀 끊고 싶다	1	1	3
채용공고 나왔는데 지원해볼까?	0	1	
언제 한번 대학로로 연극 보러가고 싶네	0	1	
나 앞머리 진짜 많이 길었다	0	1	
초밥먹고 싶다	1	1	5
집에 혼자 있어	0	1	
나 완전 멘탈 나갔어	1	1	2
나 턱선이 실종됐어	1	1	3
옷에 고기냄새 다 배였다	1	1	3
나 모의고사 점수 진짜 많이 올랐다	1	1	6
라면 먹고 갈래?	0	1	
오늘 회사 분위기 진짜 살벌했어	1	1	3
말 안해	0	1	
난 왜 이모양 이꼴일까	1	1	3
나 속상한 일이 있어	1	1	2
남친이 삐졌어	1	1	2
월급날 언제오냐	0	1	
넌 정치에 관심 많아?	0	1	
너 춤 잘춰?	1	1	4
내일 엄마랑 데이트한다	1	1	5
김과장 너무 싫다	1	1	2
할 일이 없어	0	1	
넌 나한테 별로 관심이 없는 것 같아	1	1	3
난 지금 드라마 본당	1	1	5
내일 아침에 잘 일어날 수 있을까?	1	1	3
응 당연하지 잡혀있는 약속같은건 없따	0	1	
자퇴하고 싶다	0	1	
역시 치킨엔 맥주지	1	1	5
머리카락이 너무 상했어	1	1	3
침대에서 뒹굴거리니까 좋다	1	1	6
기분 좋은 걸 숨길수가 없네요	1	1	6
아무것도 하기싫은데 할게 많아	1	1	2
밖에 번개치고 무서워	1	1	2
아 파일 다 날라갔어 미치겠다	1	1	2
생일 어제였어요	0	1	
일하는거 너무 스트레스받아	1	1	2
왜 자꾸 거짓말 해?	1	1	2
뭐하고 있어?	1	1	4
나 이직할까?	0	1	
나 외로워	1	1	2
지금 택시타면 길 엄청 막히겠지?	1	1	3
나 조언좀 해줄래?	0	1	
크리스마스에 눈 오면 좋겠다	1	1	5
백만년만에 영화보러 간다	1	1	6
난 절대로 애기 안낳을거야	0	1	
난 밤에 집중이 잘되는 것 같아	1	1	5
클라이밍 해보고 싶다	1	1	5
나 어쩌면 수술해야할 수도 있대	1	1	3
이제 진짜 봄인가보다 꽃이 다 폈네	1	1	6
여자친구랑 벚꽃 보러가고 싶다	0	1	
차 사고싶어	0	1	
난 아무래도 햄버거성애자인것 같아	0	1	
나 칭찬해줘	1	1	5
내일은 남자친구랑 놀아야지	1	1	6
너랑 얘기하고 있으면 기분이 좋아	1	1	6
맛있는 고기 잔뜩 먹었어요	1	1	5
오늘 금요일이야	1	1	5
수학 어렵다	1	1	3
오늘 아침은 무슨 커피 마실까?	1	1	5
나 요즘 되게 바른생활인듯	1	1	5
소화가 잘 안된다	1	1	3
이상형이 뭐야?	0	1	
오늘 기분은 좀 어때?	0	1	
오늘 접촉사고 났어	1	1	3
주말엔 도서관에 콕 박혀서 공부할거야	0	1	
난 언제쯤 연애할 수 있을까?	1	1	3
너 너무 멍청해	1	1	2
다이어트 너무 힘들다	1	1	2
재밌는 얘기 해주라	1	1	5
배가 아프다	1	1	3
와 밖에 눈온다!	1	1	6
엄마 잔소리 싫다	1	1	3
내 친구 고양이 키우는데 부러워	0	1	
이따가 은행 갔다와야돼	0	1	
머리가 너무 지끈거려	1	1	2
넌 혹시 나한테 섭섭한거 없지?	0	1	
내가 니 말을 어떻게 믿어?	1	1	2
빨리 졸업하고 싶다	0	1	
나 오늘 뭐 입을까?	1	1	4
버스에 사람 너무 많다	1	1	3
너 나한테 왜그렇게 못되게구냐?	1	1	2
1년 뒤에 나는 뭐하고 있을까나?	0	1	
이빨이 너무 아파	1	1	2
아 너무 정신없다	1	1	3
난 혼자 살거야	0	1	
으흐흐 피가 끓는다	0	1	
자살충동 생겨	1	1	2
난 왜 물만 마셔도 살이 찔까?	1	1	3
취직이 너무 어렵다	1	1	2
술 사줘	0	1	
썸만 계속 타니까 답답해	1	1	2
나 좋아하긴 하니?	0	1	
걔랑 사귈까?	0	1	
나 요즘 좀 행복해	1	1	6
너 너무 귀엽다	1	1	6
오늘은 하루종일 공부할거야	0	1	
넘어져서 무릎 까졌어	1	1	3
악마자요 까먹고 있었어	0	1	
나 헬스장 등록했어	0	1	
버스가 너무 안와	1	1	3
오늘 야근각	1	1	3
너 좋아하는 사람 있어?	0	1	
시간 좀 있어?	0	1	
오늘 진짜 짜증나는 일 있었어	1	1	2
니 똥 굵다	1	1	3
같이 공연 보러 갈 사람이 없어	1	1	3
내 비밀 꼭 지켜줘야해	0	1	
여기 난방 안돼서 춥다	1	1	3
어떻게 해야할지 너무 고민된다	1	1	3
요즘 남자들도 성형 많이 하겠지?	0	1	
요즘 돈이 너무 없어	1	1	3
출근 안하고 그냥 쉬고싶다	1	1	2
이렇게 내 말 들어주는건 진짜 너밖에 없다	1	1	5
잡생각이 너무 많아	1	1	3
이제 봄인가봐 날씨가 따뜻해졌어	1	1	5
나 쌍커풀 수술할까?	0	1	
모기 때문에 짜증나 죽겠네	1	1	2
상사 너무 짜증나	1	1	2
난 잘 하는게 없나봐	1	1	3
너랑 얘기하는거 재밌다	1	1	6
맛있는거 먹고 싶다	0	1	
요새 티비 뭐봐?	1	1	4
와 오늘 놀러가기 딱 좋은 날씨네	1	1	5
내 얘기 들어줘서 고마워	1	1	5
월요일 싫다	1	1	3
오늘 왜이렇게 집중이 안될까	1	1	3
나 이번에 장학금 받는당	1	1	6
날씨가 우중충하네	1	1	3
내일 발표 너무 불안해	1	1	2
오늘 계속 방콕했어	0	1	
해외여행 어디로 가면 좋을까?	0	1	
할머니가 세뱃돈 주셨지롱	1	1	6
왜 이렇게 자도자도 졸립지	1	1	3
나 오늘 고백받았어	0	1	
돈많은 백수되고 싶다	1	1	5
오늘 기분이 별로야	1	1	3
나 안보고 싶었어?	0	1	
너는 나랑 얘기하는 거 재밌어?	0	1	
난 뭐 먹고 살지?	0	1	
올해에는 꼭 연애할거야	0	1	
나 몸이 너무 안 좋아	1	1	2
나 서류에서 떨어졌어 휴	1	1	3
난 안될거야 아마	1	1	3
좀 다정하게 말해주면 안되니	1	1	3
좀있으면 수능이다	0	1	
오늘 무슨 날인가?	0	1	
이번달에 돈을 너무 많이 써버렸어	1	1	3
비밀 지켜줄거지?	0	1	
이 시간에 먹으면 살찌겠지?	1	1	3
너 약간 귀여운듯	1	1	5
야자 하기 싫다	1	1	3
너 다트 잘해?	0	1	
우리 대화 너무 저질이다	0	1	
진짜 속상하다	1	1	2
시간이 너무 잘가네	0	1	
나만 빼고 다들 연애해	1	1	3
집중이 잘 안돼	1	1	3
피자 왔다!	1	1	5
피아노 잘 치고 싶어	0	1	
나 너무 살찐 것 같아	1	1	3
조용한 데로 이사가고 싶다	0	1	
너 돈 좀 있냐?	0	1	
넌 눈치가 왤케 없냐?	1	1	2
나한텐 너밖에 없어	0	1	
내가 시키는 일 다 할거야?	0	1	
사랑니 빼는 거 아프려나?	0	1	
시험 완전 망했어	1	1	2
스무디킹 먹고싶다	0	1	
나 부탁 하나 해도 돼?	0	1	
나 친구들이랑 여행 갈거야	0	1	
오늘 영화봤는데 너무 재밌었어	1	1	6
너랑은 밥 한번이라도 같이 먹고 싶었는데	0	1	
내일은 제발 비가 안 왔으면	0	1	
나 잘래	0	1	
팀장이랑 부장 사이에서 미치겠다 요즘	1	1	2
아 행복해	1	1	7
그냥 회사 가지 말까?	0	1	
오늘 뭔일 있었는지 알아?	0	1	
9호선에 사람 많겠지?	0	1	
그림 좀 그려줘	0	1	
돈모아서 꼭 내집마련 할거야	0	1	
나 몸치에 음치야	1	1	3
나 민트색 잘 어울릴 것 같아?	1	1	5
나 안경 바꿀까 말까?	0	1	
내일 기말고사인데 공부 하나도 안했다	1	1	3
음란마귀라니 저는 순수 그 자체	1	1	5
회사 너무 힘들다	1	1	2
머리 염색하고 싶다	0	1	
방에 모기 있다	1	1	3
요즘 체력이 너무 약해진 것 같아	1	1	3
패딩 다시 꺼내야겠다 추워졌어	1	1	3
내가 대박사건 하나 알려줄까?	1	1	5
여자친구 생일선물 뭐 해줄까?	0	1	
여름 빨리 끝났으면 좋겠다	0	1	
크리스마스 싫어	1	1	3
오늘이 무슨 날이게?	0	1	
넌 참 친절하구나	1	1	5
넌 크리스마스 좋아해?	1	1	5
엄마한테 혼났어	1	1	3
계속 기침나고 그러는데 큰 병은 아니겠지?	1	1	2
북한이랑 전쟁나면 어쩌지?	1	1	2
아 운동가기 귀찮다	1	1	3
자가용 있었으면 좋겠다	0	1	
꺄 꺄 너무 좋아	1	1	7
나랑 친구해줘서 고마워	1	1	6
아침에 일어나는게 힘들어	1	1	2
혼자 티비보면서 맥주 한잔하고 있어	1	1	5
조별과제 너무 빡쳐	1	1	2
초콜릿 오랜만에 먹으니 맛있다	1	1	6
하 요즘 왤캐 배가 나오지	1	1	3
오늘 완전 칼퇴했어	1	1	5
사람들이 나 김태희 닮았대	0	1	
피곤해서 입안이 헐었어	1	1	3
나 머리 염색할까?	0	1	
야근좀 그만했으면 좋겠다	1	1	2
너 지금 무슨 생각해?	1	1	4
이제 반바지 입을 날씨네	1	1	5
윗층 너무 시끄러워	1	1	3
오늘 달 진짜 밝다	1	1	5
너도 고양이 좋아하니?	0	1	
오버워치 해봤어?	0	1	
나 완전 호구짓 한건가?	1	1	3
친구랑 싸웠는데 먼저 사과할까?	1	1	3
이상하게 배가 고프네	0	1	
아이폰 사고싶다	0	1	
나 보고싶지?	1	1	5
오늘따라 왜이렇게 까칠해?	1	1	2
식혜 존맛	1	1	5
이번달 돈이 너무 부족해	1	1	3
공부하기 싫은데 어쩌지?	1	1	3
디저트 맛있는거 먹고싶다	0	1	
앞으로 오빠라고 불러	0	1	
갑자기 자신감 하락이야	1	0	3
으아 아무것도 하기 싫다	1	1	2
나 왜이러지 춘곤증인가	1	1	3
눈이 침침해	1	1	3
뒹굴뒹굴 하고 싶다	0	1	
오늘 보름달 떴다	1	1	5
세상에서 누가 제일 예쁘니?	0	1	
이제 운동 꾸준히 다닐거야	0	1	
벌써 7월이라니 시간 너무 빠르다	0	1	
나랑 얘기 좀 할까?	0	1	
영원한 사랑이 가능하다고 생각해?	0	1	
출근하기 싫어	1	1	3
허리가 왤케 아프지	1	1	3
닭가슴살만 계속 먹었더니 너무 질려	1	1	3
걱정마 난 그런 말할 사람도 없어	0	1	
나 밥먹으러 나갔다올게	0	1	
난 침대랑 합체했어	1	1	6
왤케 머리가 아프지 요즘	1	1	2
나 오늘 과제 때문에 밤샐 것 같아	1	1	3
나 할일 많으니까 방해하지마	1	1	3
빨리 돈벌고싶다	0	1	
여자친구 보고싶다	0	1	
다이어트 해야되는데	0	1	
내년엔 부모님 꼭 효도여행 보내드려야지	0	1	
너 놀리는거 되게 재밌다	1	1	5
누가 소개팅 시켜줬으면 좋겠다	0	1	
어디 여행가고 싶다	1	1	5
밤에 맥주 한잔 마셔야겠다	0	1	
바다가고 싶다	0	1	
난 성격이 왜 이럴까	1	1	3
나랑 친구하자	1	1	5
나랑 사귀자	1	1	6
넌 나한테 할말 없어?	0	1	
일어나서 라면먹는 중	0	1	
자장가 불러줘	1	1	5
나 허리 아파	1	1	3
우유 유통기한 지났는데 마셔도 될까?	0	1	
나 너무 외로워	1	1	3
너 가끔 나 되게 설레게 하는것같아	1	1	6
어느새 단풍이 많이 들었네	1	1	5
오늘 빨래 잘마르겠다	1	1	5
첫출근 긴장된다	1	1	3
할일이 너무 많아	1	1	3
학교 수업이 너무 재미없어	1	1	3
올해도 벌써 다 갔네	0	1	
나 우울증인가봐	1	1	2
너 운전면허 있어?	0	1	
너는 금요일 저녁인데 뭐해?	0	1	
또 커피 쏟았어	1	1	3
오늘 날씨 너무 흐리다 ㅠㅠ	1	1	3
트와이스 중에 누구 제일 좋아해?	0	1	
나 치킨 먹을 거야	1	1	6
넌 내가 남자로 보여?	0	1	
공부 해야 되는데	1	1	3
남친이랑 헤어졌어	1	1	2
나 집에 왔어	0	1	
과제하기 싫다	1	1	3
숙취가 심해	1	1	3
점심에 뭐 먹을지 고민 중	1	1	4
오늘 간 식당 너무 별로였어	1	1	3
너도 내가 불쌍해?	1	1	2
요즘 일이 너무 많아	1	1	2
나 승진했다	1	1	6
여자친구 화 어떻게 풀어주지?	1	1	3
아 이거 진짜 핵노맛이다	1	1	3
비와서 너무 눅눅하다	1	1	3
쓰는 곳마다 다 떨어지네	1	1	3
살 빼고 싶다	0	1	
음란마귀	1	1	3
오늘 하루종일 진짜 힘들었어	1	1	2
으아 찌뿌둥해	1	1	3
요즘 되는 일이 없어	1	1	2
나한테 왜이렇게 관심이 없어?	1	1	2
생리통때문에 죽을 것 같아	1	1	1
너 완전 악마네	1	1	3
오늘 기분 진짜 최고다	1	1	7
나도 연애 좀 하자	0	1	
앞으로도 내 얘기 들어줘	1	1	5
너 진짜 웃긴다	0	1	
여자친구랑 싸웠어	1	1	2
시험 잘 치라고 기도해주라	0	1	
다른 사람들은 신혼여행 어디로 가나?	0	1	
나도 주식을 좀 해볼까 고민중이야	1	1	4
로또 됐으면 좋겠다	1	1	5
자꾸 눈이 감기네	1	1	3
시험 공부 해야하는데 너무 졸리다	1	1	3
나 요가 배워볼까?	0	1	
다시 운동해서 근육 키워야지	0	1	
요즘 통 입맛이 없어	1	1	3
나 라섹할까?	0	1	
헉 이라니 당연한거 아닌가?	0	1	
나 놀리는 거 재밌어?	1	1	2
나 심심해 놀아줘	0	1	
일하는거 너무 스트레스야	1	1	2
냉방병 걸린 거 같아	1	1	3
나 계속 토하고있어 힘들다	1	1	1
늦잠 잤어 망했다	1	1	2
요즘 식욕이 없네	1	1	3
사랑이란 뭘까?	1	1	4
나 병원 가봐야 하나?	1	1	3
그냥 소개팅 나가지 말까?	1	1	3
오늘 휴강이지롱	1	1	5
이렇게 더울 땐 뭐해야될까?	0	1	
어제일이 하나도 기억이 안나	0	1	
아이고 먹고살기 힘들다	1	1	2
가출하고 싶다	1	1	2
결혼 안 하고 싶다	0	1	
휘핑크림 얹을까 말까?	0	1	
사람들 때문에 너무 스트레스 받아	1	1	2
넌 오늘 계획이 뭐야?	0	1	
넌 말을 예쁘게 해서 좋아	1	1	6
넌 안 외로워?	0	1	
집에 바퀴벌레가 있어	1	1	2
그 사람은 왜 나한테 관심이 없을까?	1	1	3
아침에 일찍 일어나고 싶은데 잘 안되네	1	1	3
점점 힘에 부치는 느낌이야	1	1	3
연봉 협상 신청좀 해볼까?	0	1	
우리회사 이사님 진짜 너무한 것 같아	1	1	3
전남친이 자꾸 연락와서 힘들다	1	1	2
너 되게 인기 많지?	0	1	
왜 우리 교수님은 이딴 과제를 내는거지?	1	1	2
너 거짓말 잘하지?	1	1	3
빨래해야 하는데 귀찮다	1	1	3
요즘 얼굴에 뭐가 자꾸 나서 속상하다	1	1	3
친구들이 나보고 살쪘대	1	1	3
너는 왜 미안하다는 말을 안해?	1	1	3
나 밤샜어	1	1	2
다 때려치고 싶어	1	1	2
시험 망쳐서 우울해	1	1	2
넌 무슨 음악 좋아해?	0	1	
너는 어떤 사람을 좋아해?	0	1	
삶이 재미가 없어	1	1	3
막 노래 쩌는 뮤지컬 영화 보고싶다	1	1	5
남자친구 생겼음 좋겠다	0	1	
누가 해장국 끓여줬으면 좋겠다	0	1	
항상 내 옆에 있어줘	1	1	5
거짓말 치지마	0	1	
주말까지 출근하라는게 말이 되냐	1	1	2
팀장이 자꾸 자기 일을 나한테 떠넘겨	1	1	2
나 남자랑 단둘이 술마시러 가도 돼?	0	1	
오늘만 끝나면 주말이다!	1	1	6
고양이 키우고싶다	0	1	
오늘 얼굴이 너무 부었어	1	1	3
집에서 나가기 너무 귀찮아	1	1	3
사람은 왜 사는걸까?	0	1	
넌 친구 많아?	0	1	
치과 너무 무서워	1	1	2
몸도 마음도 지쳤어	1	1	2
배고프니까 힘들어	1	1	2
내가 동안인가?	1	1	5
오늘 누가 내 번호 따갔어	1	1	5
저녁 굶으면 다이어트에 도움 좀 되려나?	0	1	
주변에 소개팅 해줄만한 사람 없어?	0	1	
지하철에 사람 너무 많다	1	1	3
나 약 먹는 중이라서 술 못 마셔	0	1	
택시 아저씨가 말이 너무 많다	1	1	3
나 오늘 카메라 주문할꺼당	1	1	5
유통기한 지났는데 먹어도 될까?	0	1	
넌 콩국수에 소금이야 설탕이야?	1	1	4
N년뒤에 나는 뭐하고 있을까?	0	1	
아침에 일찍 일어나고 싶은데 잘 안돼	1	1	3
부먹이야 찍먹이야?	1	1	4
너 누가 만들었어?	1	1	4
니 이름이 뭐야?	1	1	4
무슨 커피 마실까?	1	1	4
먹고싶은 거 말해봐 주문해둘게	0	1	
넌 어디 여행가고 싶어?	0	1	
난 잘 하는 게 없나봐	1	1	3
내가 저번에 간다고 말했잖아	1	1	3
회식이 너무 길어진다 언제 끝날지 모르겠어	1	1	3
몸은 좀 괜찮아?	1	1	3
기분이 별로야	1	1	3
너 친구 많아?	0	1	
친구랑 싸웠는데 먼저 사과할까	1	1	3
나 친구들이랑 여행 가려구	0	1	
속상한 일이 있었어	1	1	2
너 술 잘먹어?	0	1	
출근하기 시러	1	1	2
고양이 기르고싶따아	0	1	
오빠 나 추웡	0	1	
밥은 언제 먹어?	0	1	
오늘 야근이야?	0	1	
오늘 날씨 너무 흐리다	1	1	3
크리스마스 싫어해?	0	1	
소개팅 시켜줘	0	1	
주말에 뭐해?	0	1	
요즘 돈이 없어	1	1	3
나 안경 바꿀까?	0	1	
나 쿠폰 생겼어	1	1	5
초밥 먹은지 오래됐다	0	1	
남자친구한테 크리스마스 선물 뭐해줄까?	1	1	4
막 노래 쩌는 뮤지컬 영화 보고싶당	0	1	
나 만화 그렸어	0	1	
오늘 황사 장난 아니래	1	1	3
너 변한거 같아	1	1	2
시험 완전 망쳤다	1	1	2
이번주 주말에 시간 괜찮으세요?	1	1	5
와 이거 졸라맛없어	1	1	2
나 몸이 안 좋아	1	1	3
건강 좀 챙겨	1	1	3
뭐가 미안한데?	1	1	2
나 오늘 그날이야	0	1	
밤길 혼자 가니까 무서워	1	1	2
김과장 너무 짜증나	1	1	2
오늘 밥 먹다가 옷에 흘렸어	1	1	3
오늘 쿠팡 N 세일이래	0	1	
과제 때문에 밤샐 것 같아	0	1	
나 서류에서 떨어졌어	1	1	2
말만 하지말고 행동으로 보여줘	0	1	
나 올해는 연애할거야	0	1	
백만년만에 영화 본다	1	1	5
나 완전 멘탈나갓어	1	1	2
자긴 늘 그런식이야	1	1	2
어제 뭐 했어?	0	1	
중도 자리좀 맡아줘	0	1	
나 너랑 가고싶은 데가 있어	0	1	
의사가 뭐래?	1	1	3
뭐 한다고 이렇게 연락이 안돼?	1	1	3
이번에 시골 내려가?	0	1	
아이씨 왜 버스에 에어콘도 안 틀어주냐	1	1	2
니가 거길 왜 가는데?	1	1	3
굳이 안 사줘도 되는데	0	1	
가면 머해줄건데?	0	1	
음악 좋아하세요?	1	1	4
됐어 그냥 신경쓰지마	1	1	3
왜 일찍 일어나셨어요?	0	1	
점심때 해장은 했어?	0	1	
죽이고싶다 부들부들	1	1	2
오늘 집에서 한번도 안나갔어	0	1	
아니야 안미안해해도 돼	0	1	
이제 진짜 봄인가보다	1	1	5
인상이 진짜 좋으세요	1	1	5
배아파서 중간에 내렸어요	1	1	3
너 아픈 거 싫어	1	1	3
그게 그렇게 큰잘못인가	1	1	3
다이어트 안해도 이쁜데	1	1	5
바람 갑자기 많이 부네	0	1	
일요일 저녁이면 괜찮아	1	1	5
어반자카파 좋아해요	1	1	5
지금 가면 안막히겠지?	0	1	
놀러가기딱 좋은날씨다	1	1	6
너무 추워서 잠이 안와	1	1	2
이것저것 신경쓸게 많네	1	1	3
남자가 이랬다 저랬다하면 안되지	0	1	
아 피곤한데 자기싫다	1	1	3
지갑 잃어버렸어	1	1	2
너 매운거 좋아하잖아	1	1	5
그렇게 늦게 자면 어떡해	1	1	3
친구들이랑 한잔할려구	0	1	
너 기분이 안좋아보여	1	1	3
최근에 영화본 거 있어?	0	1	
사장님 진짜 너무하네	1	1	2
재밌는 얘기해줘	1	1	5
아직도 입에서 술냄새가 나	1	1	3
내일 아침에 일찍 깨워줘	0	1	
친구랑 재밌게 놀고 있어?	0	1	
친구랑 잘 놀고 기분 풀어	0	1	
넌 나 별로 안 좋아하는 것 같아	1	1	3
나 사진 찍는 거 안 좋아하는 거 알잖아	1	1	2
나 머리 자를까?	0	1	
아 택시가 왤케 안 잡히지	1	1	2
비오는데 우산이 없어	1	1	2
겜하느라 바쁘구만?	0	1	
토요일이 좋아요? 일요일이 좋아요?	1	1	5
무슨 파스타 좋아해요?	0	1	
나한테 뭐 서운한거 있어?	1	1	3
너한테 감기 옮았나봐	1	1	2
졸지말고 일 열심히해	0	1	
일어나서 라면먹었어	0	1	
완전 신났네?	0	1	
거짓말 하지마	1	1	2
오늘 무슨 날인지 알아?	0	1	
구두때문에 발이 너무 아파	1	1	2
나 부탁하나해도 돼?	0	1	
아니 날씨가 왜 이렇게 덥지?	1	1	2
적응 잘 하고 있어?	0	1	
그렇게 말하니까 무서워	1	1	2
난 맥주 한잔하고 있어	0	1	
차가 너무 막힌다	1	1	3
어떻게 아는 사람이야?	0	1	
나 요즘 너무 바른생활이야	0	1	
이제 다시는 그렇게 술 안 마셔	0	1	
헐 큰일났다	1	1	3
비가 많이 오는데 우산이 없어	1	1	3
영화 너무 재밌었어	1	1	6
밥도 못먹고 이게 뭐야	1	1	2
핸드폰이 이상해	1	1	3
신경쓸 게 너무 많아	1	1	3
오늘 할 게 많아서 늦게 자야돼	0	1	
나 고민상담 할 거 있어	1	1	3
새벽에 한시간마다 깼어	1	1	2
나 이제 퇴근하구 운동가	0	1	
난 이제 청소를 할까해	0	1	
꿈에 너 나왔어	0	1	
수업 열심히 듣고 있어	0	1	
아 눈이 감겨	1	1	3
헐 너무 무리한거아냐?	1	1	3
내가 하라고 하면 해	0	1	
나 사진 잘 나왔어?	1	1	5
어떤 사진이 제일 마음에 들어?	1	1	5
오늘이 마지막 장맛비래	0	1	
다음주에 초밥먹을래?	1	1	5
집에 도착했어	0	1	
엄마랑 통화중이었어	0	1	
과제 아직 다 못했어	1	1	3
너가 있어서 다행이야	1	1	6
나 병원가봐야 하나?	1	1	3
진짜 마음만 받을게요	1	1	5
난 무한도전보고있엉	0	1	
점수 많이 올랐다	1	1	6
오늘 바람이 많이 부네	0	1	
다치지 않게 조심할게	0	1	
어떻게 해야할지 고민중	1	1	4
아임 파인땡큐 앤듀?	1	1	5
천천히 조심해서 와	1	1	4
짜증내기 싫은데	0	1	
헉 약 안먹었다	1	1	4
한시간뒤 퇴근	0	1	
난 출근 중	0	1	
친구만나러 가는 길	0	1	
시간이 너무 빨리가	1	1	3
덕분에 잘들어왔어	1	1	5
한 시간만 자야겠다	0	1	
다이어트 하기 힘들다	1	1	2
먹고 싶은 걸 못 먹으니까 힘들어	1	1	2
내일 특별하게 보내고 싶은데	1	1	5
기분 안 좋은 일 있어?	1	1	3
내일 저녁엔 약속이 있어	0	1	
다시 공부 시작해야지	0	1	
일단 좀 기다려보자	1	1	4
곧 결과가 나오겠지	0	1	
이럴 땐 어떻게 해야되지?	0	1	
말 안해줄거야	1	1	3
너 과일 좀 먹어	0	1	
오늘 무슨 옷 입었어?	1	1	4
나 오늘 짧은 치마 입었다	0	1	
어제 졸려서 바로 잤어	0	1	
그게 그렇게 어려워?	0	1	
생일선물 뭐 해줄까?	1	1	5
나 갖고싶은 게 생겼어	1	1	5
나 편지써주라	1	1	5
뭐 먹을지 고민 중	1	1	4
아침은 원래 잘 안먹어	0	1	
계속 그런식으로 해봐	1	1	3
힘들면 나한테 이야기해	0	1	
귀여워서 괴롭히고 싶어	1	1	6
나 선택장애 있음	1	1	3
남산타워 가봤어?	0	1	
나 다음에 내려	0	1	
늦게 도착했네?	0	1	
괜찮아 충분히 고마워	1	1	6
엄마가 또 잔소리하네	1	1	3
하 마사지 받고싶다	1	1	3
난 열심히 일하는 중	0	1	
좀만 더 참자	1	1	3
이사를 가든지 해야지 이거 원	1	1	3
여기 너무 시끄러워	1	1	3
빅뱅 신곡 들어봤어?	0	1	
넌 어떤 사람이야?	0	1	
먼저 가있을래?	0	1	
너 먹고싶은 거 먹장	1	1	5
요즘 배가 너무 나왔다	1	1	3
하 요즘 배가 왤케 나오지?	1	1	3
식욕을 주체할 수가 없다	0	1	
좀 이따 얘기해줄게	1	1	4
우리 저번에 먹었던 데가 어디지?	1	1	4
돈 많이 벌어	0	1	
친구들이 너 예쁘대	1	1	6
아이스크림 먹고싶당 흐흐	1	1	5
생각보다 일찍 끝났어	1	1	5
스트레칭도 좀 하고 그래	0	1	
아프면 좀 쉬어	1	1	3
몸도 안좋은데 그냥 집에서 쉴까	1	1	2
친구들이랑 카페왔어	0	1	
이제 영화보러 들어간다	0	1	
엄빠랑 얘기 중이야	1	1	4
부모님 여행가신대	0	1	
너무 덥다 옷 갈아입어야겠다	1	1	3
비밀 꼭 지켜야된다?	0	1	
아 운동 가기싫다	1	1	3
피자 왔다	1	1	5
수능 며칠 남았지?	0	1	
벌써 열두시가 넘었네	0	1	
왤케 머리가 아프지	1	1	2
사진 이상하게 나왔어	1	1	3
너 왜 나 무시해?	1	1	2
사귀는 것도 아닌데 왜 그래?	1	1	2
여행가지마	1	1	3
오늘 기분이 별로야?	0	1	
나 착해?	0	1	
팀장이랑 부장 사이에서 미치겠네	1	1	2
내일까지 보고서 써야돼	0	1	
다음주에 중요한 미팅이 있어서	0	1	
내가 하라면 할거야?	0	1	
공연 재밌었어?	0	1	
내가 말해도 듣지도 않으면서 뭘	1	1	2
발표 준비는 다했어?	0	1	
다시 생각해봐	0	1	
월요일이라 바쁘겠다	1	1	3
금요일 저녁인데 뭐해?	1	1	5
시험 잘 쳤어?	0	1	
로또 됐으면 좋겠따	1	1	5
한시간만 있으면 점심시간이다 흐흐	1	1	6
집에 에어콘이 고장났어	1	1	3
여기 난방이 안된다	1	1	3
올때 마실 거 좀 사와	0	1	
난 불끄고는 못자	0	1	
약속있는데 귀찮다	1	1	3
넌 몸무게 몇이야?	1	1	4
나 정도면 키 큰편인가?	0	1	
아 옷을 너무 얇게 입고 나왔다	1	1	3
담에 같이 가자	0	1	
어떻게 알게 된 애야?	0	1	
넌 고향이 어디야?	1	1	4
취직이 너무 안된다	1	1	2
괜찮아 나도 자주 그래	1	1	3
운동 언제부터 시작했어?			
정 안되면 할수없지 모			
공항 도착했어?			
여기 되게 멋있다			
파스타 너무 마시썽			
너무 고민하진마			
컨디션 얼른 회복해			
해장 해야될 거 같아			
지나가다 아는 사람 만났다			
지하철에서 회사사람 만남			
핸드폰 번호 다 날렸네			
핸드폰 화면이 안켜져			
에이에스 받으러 가야겠다			
배고프니까 너무 힘들어			
내일 몇시에 일어나야돼?			
내가 데리러갈까?			
노래불러줘			
나 지금 교대에서 출발해			
지하철 탔어			
나 아직 침대야			
배터리가 너무 빨리 닳아			
통화가 너무 끊긴다			
출국이 언제야?			
지금 통화하기 어려워?			
꽃가루 알레르기가 너무 심해서			
넌 잘할수있을거야			
그만 좀 졸아			
준비 잘하고 있어?			
내가 언제 맨날 그랬어?			
옷이 너무 야한가?			
비행기 시간이 너무 이른 거 아냐?			
나 N분있다 깨워줘			
손톱이 너무 길다			
머리 단발로 자를까?			
머리 이쁘더라			
이시간에도 이렇게 막히나			
이번에 떨어지면 어떡할거야?			
이번에는 붙겠지			
여기 완전 특이해			
이거 향이 너무 좋다			
호텔은 확인해봤어?			
왜 말을 하다 말어			
나 담배피고 올게			
담배 좀 끊어			
담배 피지마			
너 또 게임하지?			
핸드폰 그만 보고 자			
이제 거의 다 했어			
강남 아니면 신사 괜찮아?			
무슨 일로 보자는 거야?			
이거 노래 음이 너무 높은데			
너 토익 몇점이야?			
팀장한테 한소리 들었어			
꽃이 너무 예쁘다			
발표 너무 불안해			
거기 날씨는 어떄?			
왤케 집중이 안되지			
고기 먹으러 갈까해			
한강이나 갈까?			
너 야구 봐?			
넌 어느팀 응원해?			
그러다 쓰러지겠어			
주말인데 출근해요?			
어디갈지 좀 알아봤어?			
학원은 월수금만 가			
검사 좀 받아봐야되는 거 아냐?			
갑자기 왠 존댓말?			
우리 존댓말 했었나요?			
너 돈 많이 벌잖아			
난 여행갈돈 없는데			
돈 때문에 부담돼?			
왼쪽이 나아 오른쪽이 나아?			
이제 그만 놀고 들어가			
방은 좀 알아봤어?			
주변에 괜찮은 방이 없어			
보증금이 너무 비싸			
화장실이 더러워			
요즘에 잠을 통 못자네			
어디 가기도 애매한 시간이라			
피티는 할만해?			
싫으면 시집가			
완전 아재개그네			
언제 철들래?			
너가 입으면 예쁠 것 같아			
너 무슨 게임하는데?			
내가 페북에서 태그한 거 봤어?			
이거 내가 예전에 보여준 적 있잖아			
넌 연애 안해?			
난 너무 소심해			
게으른 건 병이야			
빨래해야되는데 귀찮다			
계속 토하고있어			
왜? 친구랑 싸웠어?			
화장 안해도 예뻐			
배송비는 무료야?			
거기는 얼만데?			
나 칭찬 해줘			
진심이야?			
나 마카롱 만들어줘			
진짜 너답다			
사진찍어 보내봐봐			
고집 좀 피우지말고			
수강신청 성공했어?			
오늘 사무실에 아무도 없어			
약 잘 챙겨먹어			
많이 먹어야 키크지			
그 자꾸 그러면 살찐다			
오늘따라 왜 이렇게 까칠해?			
과외 구했어?			
그냥 중간에서 만날까?			
우리 다음주에도 못보잖아			
기껏 예약했는데 왜 그래			
엄마랑 밥먹어?			
친구 부모님 장례식이라고?			
요즘 체력이 많이 약해진 거 같아			
남자들이 자꾸 나 쳐다봐			
이상한 사람이 따라와			
누가 나 번호따갔어			
역시 실망시키지않는군			
생각보다 별로였어			
기대했는데 실망스럽네			
늦은 거 아냐?			
그 날은 수업 없어?			
그날 약속있다고 하지 않았어?			
나 바본가?			
나한테 왜 관심이 없어?			
너랑 나랑 닮았나?			
나 연예인 누구 닮았어?			
항암제가 필요하다			
계속 설사해			
가방이 왤케 무거워			
비오는데 우산있어?			
다 때려치고싶어			
사랑니 빼는 거 아파?			
충치 생겼대			
치과 무셔워			
서울 가면 어디 가보고싶어?			
입안이 다 헐었어			
그냥 해주고 연락 끊을까?			
교육받는데 너무 재미없다			
엄마한테 돈 달라고 해볼까			
자다가 침흘렸어			
일단 가서 기다리고 있을게			
집청소 했더니 힘들다			
나도 셀카 좀 보내줘			
친구들이 나 살쪘대			
술 좀 적당히 먹어			
진짜 화 안 났다니까			
손해를 보더라도 그렇게 하는 게 낫지			
여권 사진 찍어야하지 않아?			
여권 나오는데 얼마나 걸리는데?			
손님 많이 왔어?			
아까 집이라더니 그새 나갔어?			
거기 야외수영장이 있나?			
아직 퇴근 안했어?			
나 몇 살처럼 보여?			
그냥 중고로 살까?			
차라리 렌트하는 건 어때?			
집에 반찬이 없어			
그래도 외모는 내가 낫지			
나 완전 호구인가봐			
책 많이 읽어썽?			
병든닭처럼 계속 졸려			
공부 많이 했나보네			
지하철 타고 오려면 힘들겠다			
너무 기대하지는 마			
으악 너무 기대된다			
사람마다 장단점이 있는 거지 뭐			
드라마 못봐서 억울행			
원래 그 정도 걸려			
에어콘에서 이상한 냄새나			
옷에 고기 냄새 다 배였다			
아씨 괜히 말했다			
너 인기많다며			
나 은근히 인기 많음			
크리스마스에는 어딜가나 사람 많아			
생일 계획 세워봣어?			
지름신 오는 소리가 들린다			
돈 좀 아껴써			
밤새면 피곤하지 않아?			
반티 나왔어?			
우리 반티 너무 구려			
트와이스 신곡 들어봤어?			
맨날 나만 기다리구			
왜 전화가 꺼져있어?			
휴가 너무 많이 쓰나			
휴가 그렇게 길게 쓸 수 있어?			
같이 운동할까?			
보름달이 떴다			
여행 며칠 가는데?			
그런 애랑 친구하지마			
잘할 자신이 없어			
졸다가 지하철역 지나쳤다			
그러다 진짜 쓰러지겠어			
내가 원래 운동신경이 없어서			
대충 라면 먹고 때워야지			
죽고싶다			
그럼 저녁은 패스?			
집에 혼자 있으면 안 무서워?			
보지도 않고 왜 그래			
재미있을지 없을지 어떻게 알아?			
바람이라도 부니까 다행이지			
그래도 바람불면 추워			
앞쪽자리로 예약했어			
나 안경 쓴 게 나아 안 쓴게 나아?			
잘 하고올게 기도해줘			
난 물만 먹어도 살쪄			
무슨 색으로 살까?			
머리 어떻게 자를건데?			
나 호구짓한건가?			
여기 안주가 짱이야			
나 차였어			
맨날 약속있네			
대체 원하는 게 뭐야?			
나 부탁이 하나 있어			
어제 하나도 기억이 안나			
차 막혀서 멀미난다			
아니 내가 왜 이걸 해야되지?			
피티는 다 만들었어?			
할머니가 세뱃돈 주셨어			
그래도 없는 것보단 낫지			
우리 엄마 너무 불쌍해			
오늘 비온다니까 우산 챙겨			
남탓 좀 하지말고			
오늘 집에서 한발짝도 안나갈거야			
당구 꼭 이겨			
다음에도 기회가 있을거야			
너무 낙심하지마			
그러니까 조심하라고 했잖아			
내가 원래 좀 재밌지			
어디서 찾았어?			
낮잠 자서 그런지 잠이 잘 안오네			
어디서 점수가 깎인거야?			
내일 진짜 빡세겠다			
너 스킨 어떤 거 써?			
너 신발사이즈 몇이야?			
오늘 말 많이하지마			
이짤 너무 웃겨			
전반전만 보려구			
축구 너무 못한다			
그거 하나 못 챙겨줘?			
벌써 N시야?			
그럼 연락하지 그랬어			
영화 슬펐어?			
핸드폰 용량이 부족해			
나 여자머리는 잘 몰라			
나 승진했어			
난 왜 이렇게 못났을까			
실제로 보니까 더 예쁘네			
티켓 까먹지마			
내일 약속 안 까먹었지?			
고기 먹었더니 소화가 안된다			
나 개고기 못먹어			
무슨 드라마 보는데?			
친척들 다 있어?			
넌 친척 많아?			
휴가 N일전			
다이어트 다시 시작해야겟다			
떨지말고 잘해			
그런 말 하지마			
목요일은 괜찮아?			
무서운 영화 못봐?			
여기 갈래 말래?			
넌 걱정이 너무 많아서 탈이야			
벌써 티켓팅한거야?			
입대가 며칠 안남았네			
감기는 나았어?			
헛 지갑이 어디갔지?			
자는데 괜히 방해했나			
내일은 병원 꼭 가봐			
배고프고 졸려			
일단 사진 좀 보내봐			
나 완전 쌩얼인데			
나 쌩얼이라서 못나가			
화장안해서 못나가			
완전 잘자지는 못했어			
자다가 중간에 화장실 갔다오느라			
면접 몇개 남았어?			
진짜 숨도 안쉬고 먹었어			
여행이라도 다녀와			
바나나가 너무 물러			
나 내일 안가면 안돼?			
회사 때려치고싶어			
난 잘하는 게 뭐지?			
에어콘 바람 싫다			
내일 저녁에 친구 만나기로 했어			
내가 너 사랑하는 거 알지?			
벚꽃 피면 출사 가자			
따뜻해지면 같이 사진 많이 찍자			
헿 나 밤샜지롱			
나 노래 추천해줘			
한시간만 기다려줄수있어?			
잊어버려 그럴수도 있지 뭐			
치마가 너무 짧은 거 아냐?			
공인인증서 만료됐다			
너 보험 들어놓은거 있어?			
공연이 몇시야?			
혼자 찾아올 수 있겠어?			
왜 심란해?			
피곤하면 먼저 자			
이제 더위도 한풀꺾였다			
스터디 사람들은 다 괜찮아?			
넌 언제 제대했어?			
너 고양이 좋아해?			
그걸 이제 알았어?			
긴장되겟다			
사기 전에 검색 먼저해봐			
그냥 친구로 지내자			
난 그냥 편한 사이가 좋아			
생리통이 너무 심해			
참 세상에 신기한 게 많아			
세상엔 참 다양한 사람들이 있어			
그래봤지 가격 차이 별로 안나			
학교 갈준비 안해?			
오늘따라 칼답이네			
난 한다면 하는 사람이야			
속도 안 좋은데 왜 술을 마셔			
내 이름이 흔한 편인가?			
내가 흔한 얼굴인가?			
내일 부장님한테 한 번 물어보든지			
내편좀 들어주면 안돼?			
혹시 공주병?			
혼자보면 무슨 재미야			
발목 삔 거 같아			
내가 지압해줄게			
나 마사지 좀 해줘			
넌 역시 모르는 게 없어			
넌 역시 아는 게 많아			
넌 참 이해심이 많구나			
넌 마음이 넓어			
망했다 막차 놓쳤어			
나 몸짱 될거야			
아 그냥 집에 있을걸 괜히 나왔네			
술먹고 기억 잃은 적 있어?			
지하철에서 미친 사람 만났어			
아침에 갑자기 급한 일이 생겨서			
나 고소공포증 있어			
무서운 놀이기구 잘 타?			
나도 주식 해볼까?			
왜 말똥말똥하지			
완전 열대야다			
내가 뭘 어떻게 하면 돼?			
무슨 말이야?			
무슨 말이지 못알아들었어			
먹고싶은 게 없어			
좀 잘나온 사진 없어?			
오늘 휴강이야			
아무것도 의욕이 안생겨			
귀여우니까 봐준다			
음주운전 하지마			
나 아직 공부중이야			
조모임이 늦게 끝날 거 같아			
너 프사 좀 바꿔라			
그냥 인사만 하고 나와			
몇시까지 출근해야되는데?			
노트북에 물 쏟았다			
너 자취해?			
나 나이들어보이는 듯			
나 설거지하고 있어			
너가 마음에 들어했으면 좋겠어			
나 그런 사람 아니야			
그래도 뭐 좀 먹지			
늦었으니까 일단 자자			
머리도 못말리고 나왔어			
출근중인데 늦었어			
점수가 왜 이렇게 낮게 나왔지			
내가 시험을 그렇게 못쳤나			
또 늦기만 해봐			
요즘 너무 잠이 안와			
나도 이제 좀있으면 성인			
지방에 장례식 가봐야할 것 같아			
웹툰 보는 중이야			
집 열쇠 잃어버린 것 같아			
친구가 소개팅 해달래			
잠을 못잤나보다			
추운데서 자니까 그렇지			
오늘 늦게까지 공부해?			
혼자 노니까 좋냐?			
실례가 안된다면 나이가			
과제한 거 다 날렸어			
파일이 날아갔어			
운동가기 싫어			
헬스 등록하고 한번도 안감			
사놓고 한번도 안썼어			
돈이 너무 아깝다			
강남인데 택시가 너무 안잡혀			
선물 맘에 들어?			
어떤 회사 들어가고 싶어?			
어디에 취직하고 싶어?			
내 이름이 특이한가?			
보통 렌트가 빌리는데 얼마지?			
제주도 비행기 티켓이 얼마야?			
와인 좋아해?			
너 페북 친구 많다			
내일 그냥 만나지 말까?			
너 외고 나왔어?			
너 실물이 더 나아			
연락이 안되니까 걱정된다			
몇시에 들어갈거야?			
언제 복학해?			
프사를 왤케 자주 바꿔?			
집 근처에 어디 먹을 데 없나?			
오늘 화장이 잘먹네			
난 더위는 잘 안타			
나 추위 많이 탐			
소나기라서 금방 그칠듯			
이제 장마시즌이니까			
이번주에 운동 몇번 갔어?			
눈에 뭐가 들어갔어			
그걸 왜 지금 말해			
어제 노래방 갔더니 목 쉬었어			
술취하고 싶다			
연애한지 얼마나 됐어?			
지난 번에 빌린 돈 갚아			
무슨말인지 이해못함			
내가 니 여자친구도 아닌데			
시원한 게 땡기네			
파마할거라고?			
고시 공부할거야?			
너 고시원에 살아?			
잠깐 눈붙이려고 했는데 두시간이나 자버렸어			
앞머리 자를까 말까			
자책하지마			
조만간 술한잔 하자			
다음주에 저녁이나 먹을까?			
헌혈 해본적 있어?			
어떻게 인사도 없이 가버리냐			
너 어제 홍대갔었어?			
나한테 신경 좀 써줘			
넌 나한테 왜 관심이 없어?			
그래 니 똥 굵다			
카스에 사진 올린 거 너야?			
니가 잘도 하겠다			
나 오글거리는 거 싫어			
왠일로 이렇게 일찍 일어나셨어?			
내가 뭐 가져가야돼?			
나 커피 못마셔			
넌 왜 연애 안해?			
연애 안하는 거야 못하는 거야?			
메일 보냈으니까 확인해봐			
난 애기 안 낳을거야			
난 결혼 안하고싶어			
걔랑 계속 같은 반이었어			
밥먹고 영화보는 건 무린가?			
나 내일 업어주라			
주말에는 보통 뭐해요?			
넌 눈이 예뻐			
기대반 두려움반 그렇지 뭐			
넌 이과야 문과야?			
넌 과가 뭐야?			
팀장이 자꾸 자기일을 떠넘겨			
또 술먹어?			
고집 좀 부리지마			
사돈남말하네			
내일쯤 결과나오겠지			
오늘 부모님 방에서 잘거야			
오늘 집에 데려다줄수있어?			
나랑 수업 같이 들을래?			
이번에 나랑 조모임 같이 할생각있어?			
어제 안 취했는데?			
머리 좀 잘라			
너 폰 바꾼지 얼마 안됐잖아			
나 정도면 보통 아닌가?			
수술해야된대?			
어쩌면 수술해야될 수도 있어			
기절했어?			
하려던 일은 잘됐어?			
과제는 다 마무리한거야?			
너가 그 때 말했던 잡지가 뭐였지?			
왜 추운데 밖에 있어			
난 밤에 정신이 맑아			
어제 많이 졸려보이더라			
사진 찍는 거 좋아하나보네			
아직 화요일이라니			
과제가 내일까지 제출이라서			
뭐타고 가는데?			
과메기 먹을 줄 알아?			
나 글씨 잘 못써			
너 글씨 잘쓰네?			
확실히 나을때까지는 좀 쉬어			
한판만 더하고 갈게			
집안일 도와드리고 있어			
차막혀서 지금 도착했어			
내가 알아서 할테니까 신경쓰지마			
단풍이 많이 들었네			
그건 무슨 맛이야?			
너 알바 아님			
나한테 왜 못되게 굴어			
예비신랑이 누군데?			
신혼여행 어디로 간대?			
신혼여행 어디 가고싶어?			
오늘 안개가 많이 꼈다			
어제 엄마한테 혼났어?			
늦게 왔다고 혼났어			
우리 이제 사귀는건가?			
비밀연해 해본적있어?			
연상이 좋아 연하가 좋아?			
연상 만난 적 있어?			
오리고기 좋아해?			
최근에 영화본 거 있어?			
저거 보내고 잠들었당			
친구랑 먹어 난 괜찮아			
패딩 다시 꺼내야겠다			
내가 너무 밝히나?			
얼른 마무리하고 좀 쉬어			
나 팔베게 해줘			
어제 축구 이겼나?			
좋아하는 색 있어?			
여기 생각보다 괜찮네			
자고 일어나면 괜찮아지겠지			
그냥 경찰에 신고하는 게 낫지 않을까?			
나 지갑 주웠어			
나 헌팅 당했어			
방학 때 뭐할거야?			
너 렌즈껴?			
오늘부터 출근이야?			
난 햄버거성애쟈야			
나 앞머리 많이 길었다			
이번달에 돈 너무 많이 썼다			
동생한테 너무 뭐라하지마			
정치에 관심 많아?			
박근혜 넘 싫어			
애인 자랑을 어찌나 하든지			
너가 해주면 고맙지			
부모님 여행가셨어?			
부모님 언제 오셔?			
오늘 집 빈다			
그거까진 바라지도 않아			
말할 거 있었는데 까먹음			
너 통신사 어디야?			
졸업하면 뭐할거야?			
유럽여행 가본적있어?			
너 놀리는 거 재밌어			
방탈출 해본적있어?			
왜 혼자만 맛있는 거 먹어			
부럽다 나도 초밥먹고 싶었는데			
클럽 가본적있어?			
너때매 잠깼잖아			
오늘 달 진짜 크다			
난 왜 연애를 못하지?			
말을 왜 그렇게 해?			
나름 열심히 한건데 결과가 안좋으니까			
둘이 여행간다고?			
거기 직항이 있나?			
요즘 들을만한 노래 있어?			
여기 주차할 곳이 없네			
차에서 이상한 소리가 나			
주차위반 딱지 뗐어			
차 견인당했다			
차에 기름이 없네			
접촉사고 났어			
뒤에서 택시가 박았어			
임신이면 어떡할거야?			
일단 할일해 방해안할게			
한약이 너무 쓰다			
수업 들었는데 무슨 말인지 하나도 모르겠다			
식혜 맛있어			
자꾸 실수로 틀려			
치킨은 교촌이지			
그게 왜 궁금해?			
중고차라도 살까			
월세가 너무 비싸다			
혼자 안 심심해?			
같이 일하는 사람들은 다 괜찮아?			
내 향수냄새 괜찮아?			
내가 빨리 다니라고 했지			
김과장 안되겠네			
내가 혼내줄까?			
너 왜 내 페북 염탐해?			
나 남자랑 술마셔도 돼?			
오 이제 요가도 배워?			
왜 무음으로 해놨어?			
생각보다 여유있게 도착했네			
비와서 너무 눅눅해			
신발까지 다 젖었어			
집에 물샌다			
뭐 사러 간거야?			
오늘 회사 분위기가 안좋아			
버스에서 완전 졸았어			
교수 너무 짜증난다			
아니 왜 이딴 과제를 내는 거지?			
핑계대지마			
그냥 점심 때 남은 거 먹으려구			
너 걔랑 사귀는거야?			
나 쌍꺼풀 수술할까?			
걔 성형했다고 하던데			
나한테 뭐 섭섭한 거 있어?			
너때문에 감기걸렸어			
알바는 할만해?			
월급은 얼만데?			
난 시골이 좋아			
완전 아재개그네			
영화보다가 울었어			
아파도 학교는 가야지			
가출하고싶다			
열심히 하는 척만 하지말고			
나 생리통이 너무 심해			
그건 내 알바 아님			
지금 이 상황에 밥이 넘어가냐			
값싼 동정 필요없어			
무슨 동물 제일 좋아해?			
연예인 누구 제일 좋아해?			
이게 나라냐			
내가 오빤데 존댓말 써야지			
누나라고 불러			
반말하지마			
무슨 좋은 일 있어?			
오늘 기분이 너무 좋다			
자기소개서 쓰기 힘들다			
나한테 조언 좀 해줘			
나한테 할말 없어?			
난 먹는거 별로 안 좋아해			
일반인 코스프레 하지말고			
너 엑소덕후야?			
무슨 낯으로 엄마를 보겠어			
니가 양심이 있으면 그러면 안되지			
오늘 왜이렇게 사람이 많지?			
책제목이 뭔데?			
너 특유의 말투가 있어			
일어났다가 다시 잔거야?			
너 지브리 알아?			
벌써 소문 다 났어			
나 혈액형 뭐 같아?			
슬리퍼 신고 나가긴 그렇잖아			
너만 모르고 다알아			
무슨 요리하는데?			
에이씨 졸라 짜증나네	1	0	1
아 진짜 너무너무 아파	1	1	1
진짜 힘들어 뒈질것같다	1	1	1
오늘 정말 힘든 하루였어	1	1	2
야 씨발 넌 애비애미도 없냐	1	0	1
앗 정말 도시락 싸주는거야? 너무너무 좋아 엉엉	1	1	7
아 오늘 진짜 행복했어 내 인생 최고의 날이야	1	1	7
헐 씨발 나 로또 당첨됐어 미친 대박	1	1	7
으아아아아아 나 이번에 장학금 받는다 너무 좋아	1	1	7
넌 곱게 죽지는 못할거다	1	0	2
아 진짜 나 그때 못간다니까 몇번 말해야 알아들어	1	1	2
와 진짜 천상의 음식이다 이건... 감동스러워	1	1	6
자기야 너무너무 사랑해 나한텐 자기밖에 없어	1	1	7
너무 슬프다 진짜... 난 너한테 그것밖에 안되는거였냐	1	0	1
헐 대박 헐 대박 대박 대애애박	1	0	6
너랑 얘기할거 없고 지금 엄청 화났으니까 알아서 닥쳐	1	0	1
오늘 날씨 오랜만에 너무너무 좋다	1	1	6
나 드디어 카메라 샀어 화질 봐 장난 아냐 키키키	1	1	6